-- MySQL dump 10.13  Distrib 8.0.31, for Win64 (x86_64)
--
-- Host: localhost    Database: reggie
-- ------------------------------------------------------
-- Server version	8.0.31

/*!40101 SET @OLD_CHARACTER_SET_CLIENT=@@CHARACTER_SET_CLIENT */;
/*!40101 SET @OLD_CHARACTER_SET_RESULTS=@@CHARACTER_SET_RESULTS */;
/*!40101 SET @OLD_COLLATION_CONNECTION=@@COLLATION_CONNECTION */;
/*!50503 SET NAMES utf8mb4 */;
/*!40103 SET @OLD_TIME_ZONE=@@TIME_ZONE */;
/*!40103 SET TIME_ZONE='+00:00' */;
/*!40014 SET @OLD_UNIQUE_CHECKS=@@UNIQUE_CHECKS, UNIQUE_CHECKS=0 */;
/*!40014 SET @OLD_FOREIGN_KEY_CHECKS=@@FOREIGN_KEY_CHECKS, FOREIGN_KEY_CHECKS=0 */;
/*!40101 SET @OLD_SQL_MODE=@@SQL_MODE, SQL_MODE='NO_AUTO_VALUE_ON_ZERO' */;
/*!40111 SET @OLD_SQL_NOTES=@@SQL_NOTES, SQL_NOTES=0 */;

--
-- Table structure for table `address_book`
--

DROP TABLE IF EXISTS `address_book`;
/*!40101 SET @saved_cs_client     = @@character_set_client */;
/*!50503 SET character_set_client = utf8mb4 */;
CREATE TABLE `address_book` (
  `id` bigint(20) NOT NULL COMMENT '主键',
  `user_id` bigint(20) NOT NULL COMMENT '用户id',
  `consignee` varchar(50) COLLATE utf8_bin NOT NULL COMMENT '收货人',
  `sex` tinyint(4) NOT NULL COMMENT '性别 0 女 1 男',
  `phone` varchar(11) COLLATE utf8_bin NOT NULL COMMENT '手机号',
  `province_code` varchar(12) CHARACTER SET utf8mb4 DEFAULT NULL COMMENT '省级区划编号',
  `province_name` varchar(32) CHARACTER SET utf8mb4 DEFAULT NULL COMMENT '省级名称',
  `city_code` varchar(12) CHARACTER SET utf8mb4 DEFAULT NULL COMMENT '市级区划编号',
  `city_name` varchar(32) CHARACTER SET utf8mb4 DEFAULT NULL COMMENT '市级名称',
  `district_code` varchar(12) CHARACTER SET utf8mb4 DEFAULT NULL COMMENT '区级区划编号',
  `district_name` varchar(32) CHARACTER SET utf8mb4 DEFAULT NULL COMMENT '区级名称',
  `detail` varchar(200) CHARACTER SET utf8mb4 DEFAULT NULL COMMENT '详细地址',
  `label` varchar(100) CHARACTER SET utf8mb4 DEFAULT NULL COMMENT '标签',
  `is_default` tinyint(1) NOT NULL DEFAULT '0' COMMENT '默认 0 否 1是',
  `create_time` datetime NOT NULL COMMENT '创建时间',
  `update_time` datetime NOT NULL COMMENT '更新时间',
  `create_user` bigint(20) NOT NULL COMMENT '创建人',
  `update_user` bigint(20) NOT NULL COMMENT '修改人',
  `is_deleted` int(11) NOT NULL DEFAULT '0' COMMENT '是否删除',
  PRIMARY KEY (`id`) USING BTREE
) ENGINE=InnoDB DEFAULT CHARSET=utf8 COLLATE=utf8_bin COMMENT='地址管理';
/*!40101 SET character_set_client = @saved_cs_client */;

--
-- Dumping data for table `address_book`
--

LOCK TABLES `address_book` WRITE;
/*!40000 ALTER TABLE `address_book` DISABLE KEYS */;
INSERT INTO `address_book` VALUES (1417414526093082626,1417012167126876162,'小明',1,'13812345678',NULL,NULL,NULL,NULL,NULL,NULL,'昌平区金燕龙办公楼','公司',1,'2021-07-20 17:22:12','2021-07-20 17:26:33',1417012167126876162,1417012167126876162,0),(1417414926166769666,1417012167126876162,'小李',1,'13512345678',NULL,NULL,NULL,NULL,NULL,NULL,'测试','家',0,'2021-07-20 17:23:47','2021-07-20 17:23:47',1417012167126876162,1417012167126876162,0),(1585528980931497985,1,'1',1,'13660908093',NULL,NULL,NULL,NULL,NULL,NULL,'1','公司',1,'2022-10-27 15:09:01','2022-10-27 15:09:03',1,1,0),(1585596017544417281,1585081442579402753,'123',1,'13660908093',NULL,NULL,NULL,NULL,NULL,NULL,'123','公司',0,'2022-10-27 19:35:24','2022-10-27 22:07:49',1585081442579402753,1585081442579402753,0),(1585642072516481025,1585081442579402753,'鱼',1,'13660908093',NULL,NULL,NULL,NULL,NULL,NULL,'广州城建职业','学校',1,'2022-10-27 22:38:25','2022-10-27 22:39:37',1585081442579402753,1585081442579402753,0);
/*!40000 ALTER TABLE `address_book` ENABLE KEYS */;
UNLOCK TABLES;

--
-- Table structure for table `category`
--

DROP TABLE IF EXISTS `category`;
/*!40101 SET @saved_cs_client     = @@character_set_client */;
/*!50503 SET character_set_client = utf8mb4 */;
CREATE TABLE `category` (
  `id` bigint NOT NULL COMMENT '主键',
  `type` int DEFAULT NULL COMMENT '类型   1 菜品分类 2 套餐分类',
  `name` varchar(64) CHARACTER SET utf8mb3 COLLATE utf8mb3_bin NOT NULL COMMENT '分类名称',
  `sort` int NOT NULL DEFAULT '0' COMMENT '顺序',
  `create_time` datetime NOT NULL COMMENT '创建时间',
  `update_time` datetime NOT NULL COMMENT '更新时间',
  `create_user` bigint NOT NULL COMMENT '创建人',
  `update_user` bigint NOT NULL COMMENT '修改人',
  PRIMARY KEY (`id`) USING BTREE,
  UNIQUE KEY `idx_category_name` (`name`)
) ENGINE=InnoDB DEFAULT CHARSET=utf8mb3 COLLATE=utf8mb3_bin COMMENT='菜品及套餐分类';
/*!40101 SET character_set_client = @saved_cs_client */;

--
-- Dumping data for table `category`
--

LOCK TABLES `category` WRITE;
/*!40000 ALTER TABLE `category` DISABLE KEYS */;
INSERT INTO `category` VALUES (1397844263642378242,1,'湘菜',1,'2021-05-27 09:16:58','2022-10-21 22:44:46',1,1),(1397844303408574465,1,'川菜',2,'2021-05-27 09:17:07','2021-06-02 14:27:22',1,1),(1397844391040167938,1,'粤菜',3,'2021-05-27 09:17:28','2021-07-09 14:37:13',1,1),(1413341197421846529,1,'饮品',11,'2021-07-09 11:36:15','2021-07-09 14:39:15',1,1),(1413342269393674242,2,'商务套餐',5,'2021-07-09 11:40:30','2021-07-09 14:43:45',1,1),(1413384954989060097,1,'主食',12,'2021-07-09 14:30:07','2021-07-09 14:39:19',1,1),(1413386191767674881,2,'儿童套餐',6,'2021-07-09 14:35:02','2021-07-09 14:39:05',1,1);
/*!40000 ALTER TABLE `category` ENABLE KEYS */;
UNLOCK TABLES;

--
-- Table structure for table `dish`
--

DROP TABLE IF EXISTS `dish`;
/*!40101 SET @saved_cs_client     = @@character_set_client */;
/*!50503 SET character_set_client = utf8mb4 */;
CREATE TABLE `dish` (
  `id` bigint NOT NULL COMMENT '主键',
  `name` varchar(64) CHARACTER SET utf8mb3 COLLATE utf8mb3_bin NOT NULL COMMENT '菜品名称',
  `category_id` bigint NOT NULL COMMENT '菜品分类id',
  `price` decimal(10,2) DEFAULT NULL COMMENT '菜品价格',
  `code` varchar(64) CHARACTER SET utf8mb3 COLLATE utf8mb3_bin NOT NULL COMMENT '商品码',
  `image` varchar(200) CHARACTER SET utf8mb3 COLLATE utf8mb3_bin NOT NULL COMMENT '图片',
  `description` varchar(400) CHARACTER SET utf8mb3 COLLATE utf8mb3_bin DEFAULT NULL COMMENT '描述信息',
  `status` int NOT NULL DEFAULT '1' COMMENT '0 停售 1 起售',
  `sort` int NOT NULL DEFAULT '0' COMMENT '顺序',
  `create_time` datetime NOT NULL COMMENT '创建时间',
  `update_time` datetime NOT NULL COMMENT '更新时间',
  `create_user` bigint NOT NULL COMMENT '创建人',
  `update_user` bigint NOT NULL COMMENT '修改人',
  `is_deleted` int NOT NULL DEFAULT '0' COMMENT '是否删除',
  PRIMARY KEY (`id`) USING BTREE,
  UNIQUE KEY `idx_dish_name` (`name`)
) ENGINE=InnoDB DEFAULT CHARSET=utf8mb3 COLLATE=utf8mb3_bin COMMENT='菜品管理';
/*!40101 SET character_set_client = @saved_cs_client */;

--
-- Dumping data for table `dish`
--

LOCK TABLES `dish` WRITE;
/*!40000 ALTER TABLE `dish` DISABLE KEYS */;
INSERT INTO `dish` VALUES (1397849739276890114,'辣子鸡',1397844263642378242,7800.00,'222222222','34d60b8d-15fc-4463-98b4-b0d0127005b6.jpg','来自鲜嫩美味的小鸡，值得一尝',1,0,'2021-05-27 09:38:43','2022-10-24 12:42:12',1,1,0),(1397850140982161409,'毛氏红烧肉',1397844263642378242,6800.00,'123412341234','99f08956-4424-4389-8b81-3fa2f5a1d4e6.jpg','毛氏红烧肉毛氏红烧肉，确定不来一份？',1,0,'2021-05-27 09:40:19','2022-10-24 12:42:23',1,1,0),(1397850392090947585,'组庵鱼翅',1397844263642378242,4800.00,'123412341234','7ee9c343-cce6-43a9-aed1-92e6227a6f2f.jpg','组庵鱼翅，看图足以表明好吃程度',1,0,'2021-05-27 09:41:19','2022-10-24 12:43:01',1,1,0),(1397850851245600769,'霸王别姬',1397844263642378242,12800.00,'123412341234','04d1575c-fe53-4094-b1a7-e5c05ed813cf.jpeg','还有什么比霸王别姬更美味的呢？',1,0,'2021-05-27 09:43:08','2022-10-24 12:43:12',1,1,0),(1397851099502260226,'全家福',1397844263642378242,11800.00,'23412341234','34d9d358-9f06-43c9-a17d-15d0ed6e0254.jpg','别光吃肉啦，来份全家福吧，让你长寿又美味',1,0,'2021-05-27 09:44:08','2022-10-24 12:43:29',1,1,0),(1397851370462687234,'邵阳猪血丸子',1397844263642378242,13800.00,'1246812345678','916c14be-add0-4216-9504-e98e71f5eccd.jpg','看，美味不？来嘛来嘛，这才是最爱吖',1,0,'2021-05-27 09:45:12','2022-10-24 12:43:43',1,1,0),(1397851668262465537,'口味蛇',1397844263642378242,16800.00,'1234567812345678','7c7516ef-5587-46c9-b93a-4c8c44f1ec88.jpg','爬行界的扛把子，东兴-口味蛇，让你欲罢不能',1,0,'2021-05-27 09:46:23','2022-10-24 12:43:55',1,1,0),(1397852391150759938,'辣子鸡丁',1397844303408574465,8800.00,'2346812468','2ae4ae65-7a43-4ca9-bda9-24b4c60cc801.jpg','辣子鸡丁，辣子鸡丁，永远的魂',1,0,'2021-05-27 09:49:16','2022-10-30 18:09:36',1,1,0),(1397853183287013378,'麻辣兔头',1397844303408574465,19800.00,'123456787654321','3804df47-cf66-4778-bbb5-fd0a4ad902e6.jpg','麻辣兔头的详细制作，麻辣鲜香，色泽红润，回味悠长',1,0,'2021-05-27 09:52:24','2022-10-24 17:08:00',1,1,0),(1397853709101740034,'蒜泥白肉',1397844303408574465,9800.00,'1234321234321','aceea9e8-3b0b-44c2-9154-2eb72f67fdfd.jpg','多么的有食欲啊',1,0,'2021-05-27 09:54:30','2022-10-24 17:08:00',1,1,0),(1397853890262118402,'鱼香肉丝',1397844303408574465,3800.00,'1234212321234','911ca421-50c4-4b91-a572-1814639393a1.jpg','鱼香肉丝简直就是我们童年回忆的一道经典菜，上学的时候点个鱼香肉丝盖饭坐在宿舍床上看着肥皂剧，绝了！现在完美复刻一下上学的时候感觉',1,0,'2021-05-27 09:55:13','2022-10-24 17:08:00',1,1,0),(1397854652581064706,'麻辣水煮鱼',1397844303408574465,14800.00,'2345312·345321','4bfd32c4-0675-4e1f-b7dc-8e8fdf2bc1f8.jpg','鱼片是买的切好的鱼片，放几个虾，增加味道',1,0,'2021-05-27 09:58:15','2022-10-24 17:08:00',1,1,0),(1397854865672679425,'鱼香炒鸡蛋',1397844303408574465,2000.00,'23456431·23456','7e95f714-6ff8-4d8f-b6fa-0c82425ba55d.jpg','鱼香菜也是川味的特色。里面没有鱼却鱼香味',1,0,'2021-05-27 09:59:06','2022-10-24 17:08:00',1,1,0),(1397860242057375745,'脆皮烧鹅',1397844391040167938,12800.00,'123456786543213456','99b91560-7053-4d5d-bf90-fd4e3364b5d6.jpeg','“广东烤鸭美而香，却胜烧鹅说古冈（今新会），燕瘦环肥各佳妙，君休偏重便宜坊”，可见烧鹅与烧鸭在粤菜之中已早负盛名。作为广州最普遍和最受欢迎的烧烤肉食，以它的“色泽金红，皮脆肉嫩，味香可口”的特色，在省城各大街小巷的烧卤店随处可见。',1,0,'2021-05-27 10:20:27','2022-10-24 17:08:00',1,1,0),(1397860578738352129,'白切鸡',1397844391040167938,6600.00,'12345678654','62f6a220-12aa-42f8-b868-a6e1c6710bcb.jpeg','白切鸡是一道色香味俱全的特色传统名肴，又叫白斩鸡，是粤菜系鸡肴中的一种，始于清代的民间。白切鸡通常选用细骨农家鸡与沙姜、蒜茸等食材，慢火煮浸白切鸡皮爽肉滑，清淡鲜美。著名的泮溪酒家白切鸡，曾获商业部优质产品金鼎奖。湛江白切鸡更是驰名粤港澳。粤菜厨坛中，鸡的菜式有200余款之多，而最为人常食不厌的正是白切鸡，深受食家青睐。',1,0,'2021-05-27 10:21:48','2022-10-24 12:41:57',1,1,0),(1397860792492666881,'烤乳猪',1397844391040167938,38800.00,'213456432123456','98b099ee-f57e-4c80-8850-47f19477aeda.jpeg','广式烧乳猪主料是小乳猪，辅料是蒜，调料是五香粉、芝麻酱、八角粉等，本菜品主要通过将食材放入炭火中烧烤而成。烤乳猪是广州最著名的特色菜，并且是“满汉全席”中的主打菜肴之一。烤乳猪也是许多年来广东人祭祖的祭品之一，是家家都少不了的应节之物，用乳猪祭完先人后，亲戚们再聚餐食用。',1,0,'2021-05-27 10:22:39','2022-10-24 12:40:27',1,1,0),(1397860963880316929,'脆皮乳鸽',1397844391040167938,10800.00,'1234563212345','554564dc-779b-4cf0-8953-2ac3f8a264e8.jpeg','“脆皮乳鸽”是广东菜中的一道传统名菜，属于粤菜系，具有皮脆肉嫩、色泽红亮、鲜香味美的特点，常吃可使身体强健，清肺顺气。随着菜品制作工艺的不断发展，逐渐形成了熟炸法、生炸法和烤制法三种制作方法。无论那种制作方法，都是在鸽子经过一系列的加工，挂脆皮水后再加工而成，正宗的“脆皮乳鸽皮脆肉嫩、色泽红亮、鲜香味美、香气馥郁。这三种方法的制作过程都不算复杂，但想达到理想的效果并不容易。',1,0,'2021-05-27 10:23:19','2022-10-24 12:40:42',1,1,0),(1397861683434139649,'清蒸河鲜海鲜',1397844391040167938,38800.00,'1234567876543213456','fb93ea98-5ea7-4292-9fc3-61f73331c679.jpg','新鲜的海鲜，清蒸是最好的处理方式。鲜，体会为什么叫海鲜。清蒸是广州最经典的烹饪手法，过去岭南地区由于峻山大岭阻隔，交通不便，经济发展起步慢，自家打的鱼放在锅里煮了就吃，没有太多的讲究，但却发现这清淡的煮法能使鱼的鲜甜跃然舌尖。',1,0,'2021-05-27 10:26:11','2022-10-24 12:40:52',1,1,0),(1397862198033297410,'老火靓汤',1397844391040167938,49800.00,'123456786532455','58105335-955f-430f-9cb9-b772a58a3258.jpeg','老火靓汤又称广府汤，是广府人传承数千年的食补养生秘方，慢火煲煮的中华老火靓汤，火候足，时间长，既取药补之效，又取入口之甘甜。 广府老火汤种类繁多，可以用各种汤料和烹调方法，烹制出各种不同口味、不同功效的汤来。',1,0,'2021-05-27 10:28:14','2022-10-24 17:08:00',1,1,0),(1397862477831122945,'上汤焗龙虾',1397844391040167938,108800.00,'1234567865432','dac8233c-35e1-4a8a-8c92-eae0ab57358c.jpeg','上汤焗龙虾是一道色香味俱全的传统名菜，属于粤菜系。此菜以龙虾为主料，配以高汤制成的一道海鲜美食。本品肉质洁白细嫩，味道鲜美，蛋白质含量高，脂肪含量低，营养丰富。是色香味俱全的传统名菜。',1,0,'2021-05-27 10:29:20','2022-10-24 12:41:17',1,1,0),(1413342036832100354,'北冰洋',1413341197421846529,500.00,'','48117d19-d953-400d-86bf-d6667f670c2e.png','',1,0,'2021-07-09 11:39:35','2022-10-24 12:41:27',1,1,0),(1413384757047271425,'王老吉',1413341197421846529,500.00,'','c6a535a8-7007-4af8-870a-b7ddf763bff5.png','',1,0,'2021-07-09 14:29:20','2022-10-24 12:41:36',1,1,0),(1413385247889891330,'米饭',1413384954989060097,200.00,'','3bae5ba9-f28e-4cb6-8a79-b68714652e7c.png','',1,0,'2021-07-09 14:31:17','2022-10-24 12:41:43',1,1,0),(1583504040959033345,'1',1397844263642378242,1100.00,'','8a1524cd-233c-4b8c-b1d4-9146e76582aa.jpg','1',1,0,'2022-10-22 01:02:38','2022-10-22 01:02:38',1,1,0),(1584220065962905601,'11111',1397844263642378242,100.00,'','696a6d2e-b5ef-4efb-a223-79fe104043f9.jpeg','',1,0,'2022-10-24 00:27:52','2022-10-24 00:28:01',1,1,0);
/*!40000 ALTER TABLE `dish` ENABLE KEYS */;
UNLOCK TABLES;

--
-- Table structure for table `dish_flavor`
--

DROP TABLE IF EXISTS `dish_flavor`;
/*!40101 SET @saved_cs_client     = @@character_set_client */;
/*!50503 SET character_set_client = utf8mb4 */;
CREATE TABLE `dish_flavor` (
  `id` bigint NOT NULL COMMENT '主键',
  `dish_id` bigint NOT NULL COMMENT '菜品',
  `name` varchar(64) CHARACTER SET utf8mb3 COLLATE utf8mb3_bin NOT NULL COMMENT '口味名称',
  `value` varchar(500) CHARACTER SET utf8mb3 COLLATE utf8mb3_bin DEFAULT NULL COMMENT '口味数据list',
  `create_time` datetime NOT NULL COMMENT '创建时间',
  `update_time` datetime NOT NULL COMMENT '更新时间',
  `create_user` bigint NOT NULL COMMENT '创建人',
  `update_user` bigint NOT NULL COMMENT '修改人',
  `is_deleted` int NOT NULL DEFAULT '0' COMMENT '是否删除',
  PRIMARY KEY (`id`) USING BTREE
) ENGINE=InnoDB DEFAULT CHARSET=utf8mb3 COLLATE=utf8mb3_bin COMMENT='菜品口味关系表';
/*!40101 SET character_set_client = @saved_cs_client */;

--
-- Dumping data for table `dish_flavor`
--

LOCK TABLES `dish_flavor` WRITE;
/*!40000 ALTER TABLE `dish_flavor` DISABLE KEYS */;
INSERT INTO `dish_flavor` VALUES (1397849417888346113,1397849417854791681,'辣度','[\"不辣\",\"微辣\",\"中辣\",\"重辣\"]','2021-05-27 09:37:27','2021-05-27 09:37:27',1,1,0),(1397849739297861633,1397849739276890114,'忌口','[\"不要葱\",\"不要蒜\",\"不要香菜\",\"不要辣\"]','2022-10-24 12:42:12','2022-10-24 12:42:12',1,1,0),(1397849739323027458,1397849739276890114,'辣度','[\"不辣\",\"微辣\",\"中辣\",\"重辣\"]','2022-10-24 12:42:12','2022-10-24 12:42:12',1,1,0),(1397849936421761025,1397849936404983809,'忌口','[\"不要葱\",\"不要蒜\",\"不要香菜\",\"不要辣\"]','2021-05-27 09:39:30','2021-05-27 09:39:30',1,1,0),(1397849936438538241,1397849936404983809,'辣度','[\"不辣\",\"微辣\",\"中辣\",\"重辣\"]','2021-05-27 09:39:30','2021-05-27 09:39:30',1,1,0),(1397850141015715841,1397850140982161409,'忌口','[\"不要葱\",\"不要蒜\",\"不要香菜\",\"不要辣\"]','2022-10-24 12:42:23','2022-10-24 12:42:23',1,1,0),(1397850141040881665,1397850140982161409,'辣度','[\"不辣\",\"微辣\",\"中辣\",\"重辣\"]','2022-10-24 12:42:23','2022-10-24 12:42:23',1,1,0),(1397850392120307713,1397850392090947585,'辣度','[\"不辣\",\"微辣\",\"中辣\",\"重辣\"]','2022-10-24 12:43:01','2022-10-24 12:43:01',1,1,0),(1397850392137084929,1397850392090947585,'辣度','[\"不辣\",\"微辣\",\"中辣\",\"重辣\"]','2022-10-24 12:43:01','2022-10-24 12:43:01',1,1,0),(1397850630734262274,1397850630700707841,'忌口','[\"不要葱\",\"不要蒜\",\"不要香菜\",\"不要辣\"]','2021-05-27 09:42:16','2021-05-27 09:42:16',1,1,0),(1397850630755233794,1397850630700707841,'辣度','[\"微辣\",\"中辣\",\"重辣\"]','2021-05-27 09:42:16','2021-05-27 09:42:16',1,1,0),(1397850851274960898,1397850851245600769,'忌口','[\"不要蒜\",\"不要香菜\",\"不要辣\"]','2022-10-24 12:43:12','2022-10-24 12:43:12',1,1,0),(1397850851283349505,1397850851245600769,'辣度','[\"不辣\",\"微辣\",\"中辣\",\"重辣\"]','2022-10-24 12:43:12','2022-10-24 12:43:12',1,1,0),(1397851099523231745,1397851099502260226,'忌口','[\"不要葱\",\"不要蒜\",\"不要香菜\",\"不要辣\"]','2022-10-24 12:43:29','2022-10-24 12:43:29',1,1,0),(1397851099527426050,1397851099502260226,'辣度','[\"不辣\",\"微辣\",\"中辣\"]','2022-10-24 12:43:29','2022-10-24 12:43:29',1,1,0),(1397851370483658754,1397851370462687234,'温度','[\"热饮\",\"常温\",\"去冰\",\"少冰\",\"多冰\"]','2022-10-24 12:43:43','2022-10-24 12:43:43',1,1,0),(1397851370483658755,1397851370462687234,'忌口','[\"不要葱\",\"不要蒜\",\"不要香菜\",\"不要辣\"]','2022-10-24 12:43:43','2022-10-24 12:43:43',1,1,0),(1397851370483658756,1397851370462687234,'辣度','[\"不辣\",\"微辣\",\"中辣\",\"重辣\"]','2022-10-24 12:43:43','2022-10-24 12:43:43',1,1,0),(1397851668283437058,1397851668262465537,'温度','[\"热饮\",\"常温\",\"去冰\",\"少冰\",\"多冰\"]','2022-10-24 12:43:55','2022-10-24 12:43:55',1,1,0),(1397852391180120065,1397852391150759938,'忌口','[\"不要葱\",\"不要香菜\",\"不要辣\"]','2022-10-24 12:44:08','2022-10-24 12:44:08',1,1,0),(1397852391196897281,1397852391150759938,'辣度','[\"不辣\",\"微辣\",\"重辣\"]','2022-10-24 12:44:08','2022-10-24 12:44:08',1,1,0),(1397853183307984898,1397853183287013378,'辣度','[\"不辣\",\"微辣\",\"中辣\",\"重辣\"]','2022-10-24 12:44:22','2022-10-24 12:44:22',1,1,0),(1397853423486414850,1397853423461249026,'辣度','[\"不辣\",\"微辣\",\"中辣\",\"重辣\"]','2021-05-27 09:53:22','2021-05-27 09:53:22',1,1,0),(1397853709126905857,1397853709101740034,'忌口','[\"不要葱\",\"不要蒜\",\"不要香菜\",\"不要辣\"]','2022-10-24 12:44:33','2022-10-24 12:44:33',1,1,0),(1397853890283089922,1397853890262118402,'辣度','[\"不辣\",\"微辣\",\"中辣\",\"重辣\"]','2022-10-24 12:44:49','2022-10-24 12:44:49',1,1,0),(1397854133632413697,1397854133603053569,'温度','[\"热饮\",\"常温\",\"去冰\",\"少冰\",\"多冰\"]','2021-05-27 09:56:11','2021-05-27 09:56:11',1,1,0),(1397854652623007745,1397854652581064706,'忌口','[\"不要葱\",\"不要蒜\",\"不要香菜\",\"不要辣\"]','2022-10-24 12:44:59','2022-10-24 12:44:59',1,1,0),(1397854652635590658,1397854652581064706,'辣度','[\"不辣\",\"微辣\",\"中辣\",\"重辣\"]','2022-10-24 12:44:59','2022-10-24 12:44:59',1,1,0),(1397854865735593986,1397854865672679425,'辣度','[\"不辣\",\"微辣\",\"中辣\",\"重辣\"]','2022-10-24 12:45:19','2022-10-24 12:45:19',1,1,0),(1397855742303186946,1397855742273826817,'辣度','[\"不辣\",\"微辣\",\"中辣\",\"重辣\"]','2021-05-27 10:02:35','2021-05-27 10:02:35',1,1,0),(1397855906497605633,1397855906468245506,'忌口','[\"不要葱\",\"不要蒜\",\"不要香菜\",\"不要辣\"]','2021-05-27 10:03:14','2021-05-27 10:03:14',1,1,0),(1397856190573621250,1397856190540066818,'辣度','[\"不辣\",\"微辣\",\"中辣\",\"重辣\"]','2021-05-27 10:04:21','2021-05-27 10:04:21',1,1,0),(1397859056709316609,1397859056684150785,'辣度','[\"不辣\",\"微辣\",\"中辣\",\"重辣\"]','2021-05-27 10:15:45','2021-05-27 10:15:45',1,1,0),(1397859277837217794,1397859277812051969,'辣度','[\"不辣\",\"微辣\",\"中辣\",\"重辣\"]','2021-05-27 10:16:37','2021-05-27 10:16:37',1,1,0),(1397859487502086146,1397859487476920321,'辣度','[\"不辣\",\"微辣\",\"中辣\",\"重辣\"]','2021-05-27 10:17:27','2021-05-27 10:17:27',1,1,0),(1397859757061615618,1397859757036449794,'甜味','[\"无糖\",\"少糖\",\"半躺\",\"多糖\",\"全糖\"]','2021-05-27 10:18:32','2021-05-27 10:18:32',1,1,0),(1397860242086735874,1397860242057375745,'辣度','[\"不辣\",\"微辣\",\"中辣\",\"重辣\"]','2022-10-24 12:45:36','2022-10-24 12:45:36',1,1,0),(1397860963918065665,1397860963880316929,'辣度','[\"不辣\",\"微辣\",\"中辣\",\"重辣\"]','2022-10-24 12:40:42','2022-10-24 12:40:42',1,1,0),(1397861135754506242,1397861135733534722,'甜味','[\"无糖\",\"少糖\",\"半躺\",\"多糖\",\"全糖\"]','2021-05-27 10:24:00','2021-05-27 10:24:00',1,1,0),(1397861370035744769,1397861370010578945,'辣度','[\"不辣\",\"微辣\",\"中辣\",\"重辣\"]','2021-05-27 10:24:56','2021-05-27 10:24:56',1,1,0),(1397861683459305474,1397861683434139649,'忌口','[\"不要葱\",\"不要蒜\",\"不要香菜\",\"不要辣\"]','2022-10-24 12:40:52','2022-10-24 12:40:52',1,1,0),(1397861898467717121,1397861898438356993,'忌口','[\"不要葱\",\"不要蒜\",\"不要香菜\",\"不要辣\"]','2021-05-27 10:27:02','2021-05-27 10:27:02',1,1,0),(1397862198054268929,1397862198033297410,'忌口','[\"不要葱\",\"不要蒜\",\"不要香菜\",\"不要辣\"]','2022-10-24 12:46:12','2022-10-24 12:46:12',1,1,0),(1397862477835317250,1397862477831122945,'辣度','[\"不辣\",\"微辣\",\"中辣\"]','2022-10-24 12:41:17','2022-10-24 12:41:17',1,1,0),(1398089545865015297,1398089545676271617,'温度','[\"热饮\",\"常温\",\"去冰\",\"少冰\",\"多冰\"]','2021-05-28 01:31:38','2021-05-28 01:31:38',1,1,0),(1398089782323097601,1398089782285348866,'辣度','[\"不辣\",\"微辣\",\"中辣\",\"重辣\"]','2021-05-28 01:32:34','2021-05-28 01:32:34',1,1,0),(1398090003262255106,1398090003228700673,'忌口','[\"不要葱\",\"不要蒜\",\"不要香菜\",\"不要辣\"]','2021-05-28 01:33:27','2021-05-28 01:33:27',1,1,0),(1398090264554811394,1398090264517062657,'忌口','[\"不要葱\",\"不要蒜\",\"不要香菜\",\"不要辣\"]','2021-05-28 01:34:29','2021-05-28 01:34:29',1,1,0),(1398090455399837698,1398090455324340225,'辣度','[\"不辣\",\"微辣\",\"中辣\",\"重辣\"]','2021-05-28 01:35:14','2021-05-28 01:35:14',1,1,0),(1398090685449023490,1398090685419663362,'温度','[\"热饮\",\"常温\",\"去冰\",\"少冰\",\"多冰\"]','2021-05-28 01:36:09','2021-05-28 01:36:09',1,1,0),(1398090825358422017,1398090825329061889,'忌口','[\"不要葱\",\"不要蒜\",\"不要香菜\",\"不要辣\"]','2021-05-28 01:36:43','2021-05-28 01:36:43',1,1,0),(1398091007051476993,1398091007017922561,'辣度','[\"不辣\",\"微辣\",\"中辣\",\"重辣\"]','2021-05-28 01:37:26','2021-05-28 01:37:26',1,1,0),(1398091296164851713,1398091296131297281,'辣度','[\"不辣\",\"微辣\",\"中辣\",\"重辣\"]','2021-05-28 01:38:35','2021-05-28 01:38:35',1,1,0),(1398091546531246081,1398091546480914433,'忌口','[\"不要葱\",\"不要蒜\",\"不要香菜\",\"不要辣\"]','2021-05-28 01:39:35','2021-05-28 01:39:35',1,1,0),(1398091729809747969,1398091729788776450,'辣度','[\"不辣\",\"微辣\",\"中辣\",\"重辣\"]','2021-05-28 01:40:18','2021-05-28 01:40:18',1,1,0),(1398091889499484161,1398091889449152513,'辣度','[\"不辣\",\"微辣\",\"中辣\",\"重辣\"]','2021-05-28 01:40:56','2021-05-28 01:40:56',1,1,0),(1398092095179763713,1398092095142014978,'辣度','[\"不辣\",\"微辣\",\"中辣\",\"重辣\"]','2021-05-28 01:41:45','2021-05-28 01:41:45',1,1,0),(1398092283877306370,1398092283847946241,'辣度','[\"不辣\",\"微辣\",\"中辣\",\"重辣\"]','2021-05-28 01:42:30','2021-05-28 01:42:30',1,1,0),(1398094018939236354,1398094018893099009,'辣度','[\"不辣\",\"微辣\",\"中辣\",\"重辣\"]','2021-05-28 01:49:24','2021-05-28 01:49:24',1,1,0),(1398094391494094850,1398094391456346113,'辣度','[\"不辣\",\"微辣\",\"中辣\",\"重辣\"]','2021-05-28 01:50:53','2021-05-28 01:50:53',1,1,0),(1399574026165727233,1399305325713600514,'辣度','[\"不辣\",\"微辣\",\"中辣\",\"重辣\"]','2021-06-01 03:50:25','2021-06-01 03:50:25',1399309715396669441,1399309715396669441,0),(1413389540592263169,1413384757047271425,'温度','[\"常温\",\"冷藏\"]','2022-10-24 12:41:36','2022-10-24 12:41:36',1,1,0),(1413389684020682754,1413342036832100354,'温度','[\"常温\",\"冷藏\"]','2022-10-24 12:41:27','2022-10-24 12:41:27',1,1,0),(1583504040959033346,1583504040959033345,'甜味','[\"无糖\",\"少糖\",\"半糖\",\"多糖\",\"全糖\"]','2022-10-22 01:02:38','2022-10-22 01:02:38',1,1,0),(1584220065962905602,1584220065962905601,'辣度','[\"不辣\",\"微辣\",\"中辣\",\"重辣\"]','2022-10-24 00:28:01','2022-10-24 00:28:01',1,1,0),(1584220065962905603,1584220065962905601,'温度','[\"热饮\",\"常温\",\"去冰\",\"少冰\",\"多冰\"]','2022-10-24 00:28:01','2022-10-24 00:28:01',1,1,0);
/*!40000 ALTER TABLE `dish_flavor` ENABLE KEYS */;
UNLOCK TABLES;

--
-- Table structure for table `employee`
--

DROP TABLE IF EXISTS `employee`;
/*!40101 SET @saved_cs_client     = @@character_set_client */;
/*!50503 SET character_set_client = utf8mb4 */;
CREATE TABLE `employee` (
  `id` bigint NOT NULL COMMENT '主键',
  `name` varchar(32) CHARACTER SET utf8mb3 COLLATE utf8mb3_bin NOT NULL COMMENT '姓名',
  `username` varchar(32) CHARACTER SET utf8mb3 COLLATE utf8mb3_bin NOT NULL COMMENT '用户名',
  `password` varchar(64) CHARACTER SET utf8mb3 COLLATE utf8mb3_bin NOT NULL COMMENT '密码',
  `phone` varchar(11) CHARACTER SET utf8mb3 COLLATE utf8mb3_bin NOT NULL COMMENT '手机号',
  `sex` varchar(2) CHARACTER SET utf8mb3 COLLATE utf8mb3_bin NOT NULL COMMENT '性别',
  `id_number` varchar(18) CHARACTER SET utf8mb3 COLLATE utf8mb3_bin NOT NULL COMMENT '身份证号',
  `status` int NOT NULL DEFAULT '1' COMMENT '状态 0:禁用，1:正常',
  `create_time` datetime NOT NULL COMMENT '创建时间',
  `update_time` datetime NOT NULL COMMENT '更新时间',
  `create_user` bigint NOT NULL COMMENT '创建人',
  `update_user` bigint NOT NULL COMMENT '修改人',
  PRIMARY KEY (`id`) USING BTREE,
  UNIQUE KEY `idx_username` (`username`)
) ENGINE=InnoDB DEFAULT CHARSET=utf8mb3 COLLATE=utf8mb3_bin COMMENT='员工信息';
/*!40101 SET character_set_client = @saved_cs_client */;

--
-- Dumping data for table `employee`
--

LOCK TABLES `employee` WRITE;
/*!40000 ALTER TABLE `employee` DISABLE KEYS */;
INSERT INTO `employee` VALUES (1,'管理员','admin','e10adc3949ba59abbe56e057f20f883e','13812312312','0','110101199001010047',1,'2021-05-06 17:20:07','2022-10-06 13:32:45',1,1),(1576619128112033794,'ccc','123','e10adc3949ba59abbe56e057f20f883e','13412341232','0','441233341424234',1,'2022-10-03 01:04:27','2022-10-06 13:47:09',1,1),(1583405488538865666,'123','123432','e10adc3949ba59abbe56e057f20f883e','13241424242','1','121211111111111',1,'2022-10-21 18:31:01','2022-10-24 00:12:36',1,1);
/*!40000 ALTER TABLE `employee` ENABLE KEYS */;
UNLOCK TABLES;

--
-- Table structure for table `order_detail`
--

DROP TABLE IF EXISTS `order_detail`;
/*!40101 SET @saved_cs_client     = @@character_set_client */;
/*!50503 SET character_set_client = utf8mb4 */;
CREATE TABLE `order_detail` (
  `id` bigint NOT NULL COMMENT '主键',
  `name` varchar(50) CHARACTER SET utf8mb3 COLLATE utf8mb3_bin DEFAULT NULL COMMENT '名字',
  `image` varchar(100) CHARACTER SET utf8mb3 COLLATE utf8mb3_bin DEFAULT NULL COMMENT '图片',
  `order_id` bigint NOT NULL COMMENT '订单id',
  `dish_id` bigint DEFAULT NULL COMMENT '菜品id',
  `setmeal_id` bigint DEFAULT NULL COMMENT '套餐id',
  `dish_flavor` varchar(50) CHARACTER SET utf8mb3 COLLATE utf8mb3_bin DEFAULT NULL COMMENT '口味',
  `number` int NOT NULL DEFAULT '1' COMMENT '数量',
  `amount` decimal(10,2) NOT NULL COMMENT '金额',
  PRIMARY KEY (`id`) USING BTREE
) ENGINE=InnoDB DEFAULT CHARSET=utf8mb3 COLLATE=utf8mb3_bin COMMENT='订单明细表';
/*!40101 SET character_set_client = @saved_cs_client */;

--
-- Dumping data for table `order_detail`
--

LOCK TABLES `order_detail` WRITE;
/*!40000 ALTER TABLE `order_detail` DISABLE KEYS */;
INSERT INTO `order_detail` VALUES (1585609409520926722,'口味蛇','7c7516ef-5587-46c9-b93a-4c8c44f1ec88.jpg',1585609409458012161,1397851668262465537,NULL,'去冰',2,168.00),(1585609409520926723,'邵阳猪血丸子','916c14be-add0-4216-9504-e98e71f5eccd.jpg',1585609409458012161,1397851370462687234,NULL,'常温,不要蒜,微辣',1,138.00),(1585642443817242625,'脆皮烧鹅','99b91560-7053-4d5d-bf90-fd4e3364b5d6.jpeg',1585642443750133762,1397860242057375745,NULL,'中辣',1,128.00),(1585642443817242626,'王老吉','c6a535a8-7007-4af8-870a-b7ddf763bff5.png',1585642443750133762,1413384757047271425,NULL,'冷藏',1,5.00),(1585642443817242627,'北冰洋','48117d19-d953-400d-86bf-d6667f670c2e.png',1585642443750133762,1413342036832100354,NULL,'冷藏',1,5.00),(1585642443817242628,'米饭','3bae5ba9-f28e-4cb6-8a79-b68714652e7c.png',1585642443750133762,1413385247889891330,NULL,NULL,5,2.00),(1585642443817242629,'白切鸡','62f6a220-12aa-42f8-b868-a6e1c6710bcb.jpeg',1585642443750133762,1397860578738352129,NULL,NULL,1,66.00),(1585642443817242630,'毛氏红烧肉','99f08956-4424-4389-8b81-3fa2f5a1d4e6.jpg',1585642443750133762,1397850140982161409,NULL,'不要蒜,微辣',1,68.00),(1585642443817242631,'烤乳猪','98b099ee-f57e-4c80-8850-47f19477aeda.jpeg',1585642443750133762,1397860792492666881,NULL,NULL,1,388.00),(1585965353186545665,'组庵鱼翅','7ee9c343-cce6-43a9-aed1-92e6227a6f2f.jpg',1585965353123631106,1397850392090947585,NULL,'中辣,中辣',1,48.00),(1585965353186545666,'11111','696a6d2e-b5ef-4efb-a223-79fe104043f9.jpeg',1585965353123631106,1584220065962905601,NULL,'微辣,常温',1,1.00),(1585965353186545667,'11','bb1705bc-452d-403e-abde-083df0149f01.jpg',1585965353123631106,NULL,1584485787406397442,NULL,1,123.00),(1585965353186545668,'北冰洋','48117d19-d953-400d-86bf-d6667f670c2e.png',1585965353123631106,1413342036832100354,NULL,'冷藏',2,5.00),(1585965353186545669,'王老吉','c6a535a8-7007-4af8-870a-b7ddf763bff5.png',1585965353123631106,1413384757047271425,NULL,'冷藏',1,5.00),(1585965353186545670,'米饭','3bae5ba9-f28e-4cb6-8a79-b68714652e7c.png',1585965353123631106,1413385247889891330,NULL,NULL,6,2.00),(1585969868610727937,'口味蛇','7c7516ef-5587-46c9-b93a-4c8c44f1ec88.jpg',1585969868547813377,1397851668262465537,NULL,'去冰',2,168.00),(1585969868610727938,'邵阳猪血丸子','916c14be-add0-4216-9504-e98e71f5eccd.jpg',1585969868547813377,1397851370462687234,NULL,'常温,不要蒜,微辣',1,138.00),(1586662787336306690,'11111','696a6d2e-b5ef-4efb-a223-79fe104043f9.jpeg',1586662787269197825,1584220065962905601,NULL,'中辣,去冰',1,1.00),(1586662787336306691,'全家福','34d9d358-9f06-43c9-a17d-15d0ed6e0254.jpg',1586662787269197825,1397851099502260226,NULL,'不要蒜,微辣',1,118.00),(1586662787336306692,'脆皮烧鹅','99b91560-7053-4d5d-bf90-fd4e3364b5d6.jpeg',1586662787269197825,1397860242057375745,NULL,'中辣',1,128.00),(1586662787336306693,'王老吉','c6a535a8-7007-4af8-870a-b7ddf763bff5.png',1586662787269197825,1413384757047271425,NULL,'冷藏',1,5.00),(1586752390674513922,'口味蛇','7c7516ef-5587-46c9-b93a-4c8c44f1ec88.jpg',1586752390674513921,1397851668262465537,NULL,'去冰',2,168.00),(1586752390674513923,'邵阳猪血丸子','916c14be-add0-4216-9504-e98e71f5eccd.jpg',1586752390674513921,1397851370462687234,NULL,'常温,不要蒜,微辣',1,138.00),(1586752390674513924,'米饭','3bae5ba9-f28e-4cb6-8a79-b68714652e7c.png',1586752390674513921,1413385247889891330,NULL,NULL,9,2.00),(1586752390674513925,'王老吉','c6a535a8-7007-4af8-870a-b7ddf763bff5.png',1586752390674513921,1413384757047271425,NULL,'冷藏',1,5.00),(1586752390674513926,'老火靓汤','58105335-955f-430f-9cb9-b772a58a3258.jpeg',1586752390674513921,1397862198033297410,NULL,'不要蒜',1,498.00),(1586752494772944898,'口味蛇','7c7516ef-5587-46c9-b93a-4c8c44f1ec88.jpg',1586752494772944897,1397851668262465537,NULL,'去冰',1,168.00),(1586752494772944899,'邵阳猪血丸子','916c14be-add0-4216-9504-e98e71f5eccd.jpg',1586752494772944897,1397851370462687234,NULL,'常温,不要蒜,中辣',1,138.00);
/*!40000 ALTER TABLE `order_detail` ENABLE KEYS */;
UNLOCK TABLES;

--
-- Table structure for table `orders`
--

DROP TABLE IF EXISTS `orders`;
/*!40101 SET @saved_cs_client     = @@character_set_client */;
/*!50503 SET character_set_client = utf8mb4 */;
CREATE TABLE `orders` (
  `id` bigint NOT NULL COMMENT '主键',
  `number` varchar(50) CHARACTER SET utf8mb3 COLLATE utf8mb3_bin DEFAULT NULL COMMENT '订单号',
  `status` int NOT NULL DEFAULT '1' COMMENT '订单状态 1待付款，2待派送，3已派送，4已完成，5已取消',
  `user_id` bigint NOT NULL COMMENT '下单用户',
  `address_book_id` bigint NOT NULL COMMENT '地址id',
  `order_time` datetime NOT NULL COMMENT '下单时间',
  `checkout_time` datetime NOT NULL COMMENT '结账时间',
  `pay_method` int NOT NULL DEFAULT '1' COMMENT '支付方式 1微信,2支付宝',
  `amount` decimal(10,2) NOT NULL COMMENT '实收金额',
  `remark` varchar(100) CHARACTER SET utf8mb3 COLLATE utf8mb3_bin DEFAULT NULL COMMENT '备注',
  `phone` varchar(255) CHARACTER SET utf8mb3 COLLATE utf8mb3_bin DEFAULT NULL,
  `address` varchar(255) CHARACTER SET utf8mb3 COLLATE utf8mb3_bin DEFAULT NULL,
  `user_name` varchar(255) CHARACTER SET utf8mb3 COLLATE utf8mb3_bin DEFAULT NULL,
  `consignee` varchar(255) CHARACTER SET utf8mb3 COLLATE utf8mb3_bin DEFAULT NULL,
  PRIMARY KEY (`id`) USING BTREE
) ENGINE=InnoDB DEFAULT CHARSET=utf8mb3 COLLATE=utf8mb3_bin COMMENT='订单表';
/*!40101 SET character_set_client = @saved_cs_client */;

--
-- Dumping data for table `orders`
--

LOCK TABLES `orders` WRITE;
/*!40000 ALTER TABLE `orders` DISABLE KEYS */;
INSERT INTO `orders` VALUES (1585609409458012161,'1585609409458012161',4,1585081442579402753,1585596017544417281,'2022-10-27 20:28:37','2022-10-27 20:28:37',1,474.00,'','13660908093','1',NULL,'123'),(1585642443750133762,'1585642443750133762',3,1585081442579402753,1585642072516481025,'2022-10-27 22:39:53','2022-10-27 22:39:53',1,670.00,'好吃，回头客','13660908093','广州城建职业',NULL,'鱼'),(1585965353123631106,'1585965353123631106',2,1585081442579402753,1585642072516481025,'2022-10-28 20:03:01','2022-10-28 20:03:01',1,199.00,'','13660908093','广州城建职业',NULL,'鱼'),(1585969868547813377,'1585969868547813377',2,1585081442579402753,1585642072516481025,'2022-10-28 20:20:57','2022-10-28 20:20:57',1,474.00,'','13660908093','广州城建职业',NULL,'鱼'),(1586662787269197825,'1586662787269197825',2,1585081442579402753,1585642072516481025,'2022-10-30 18:14:22','2022-10-30 18:14:22',1,252.00,'','13660908093','',NULL,'鱼'),(1586752390674513921,'1586752390674513921',2,1585081442579402753,1585642072516481025,'2022-10-31 00:10:25','2022-10-31 00:10:25',1,995.00,'','13660908093','',NULL,'鱼'),(1586752494772944897,'1586752494772944897',2,1585081442579402753,1585642072516481025,'2022-10-31 00:10:50','2022-10-31 00:10:50',1,306.00,'','13660908093','',NULL,'鱼');
/*!40000 ALTER TABLE `orders` ENABLE KEYS */;
UNLOCK TABLES;

--
-- Table structure for table `setmeal`
--

DROP TABLE IF EXISTS `setmeal`;
/*!40101 SET @saved_cs_client     = @@character_set_client */;
/*!50503 SET character_set_client = utf8mb4 */;
CREATE TABLE `setmeal` (
  `id` bigint NOT NULL COMMENT '主键',
  `category_id` bigint NOT NULL COMMENT '菜品分类id',
  `name` varchar(64) CHARACTER SET utf8mb3 COLLATE utf8mb3_bin NOT NULL COMMENT '套餐名称',
  `price` decimal(10,2) NOT NULL COMMENT '套餐价格',
  `status` int DEFAULT NULL COMMENT '状态 0:停用 1:启用',
  `code` varchar(32) CHARACTER SET utf8mb3 COLLATE utf8mb3_bin DEFAULT NULL COMMENT '编码',
  `description` varchar(512) CHARACTER SET utf8mb3 COLLATE utf8mb3_bin DEFAULT NULL COMMENT '描述信息',
  `image` varchar(255) CHARACTER SET utf8mb3 COLLATE utf8mb3_bin DEFAULT NULL COMMENT '图片',
  `create_time` datetime NOT NULL COMMENT '创建时间',
  `update_time` datetime NOT NULL COMMENT '更新时间',
  `create_user` bigint NOT NULL COMMENT '创建人',
  `update_user` bigint NOT NULL COMMENT '修改人',
  `is_deleted` int NOT NULL DEFAULT '0' COMMENT '是否删除',
  PRIMARY KEY (`id`) USING BTREE,
  UNIQUE KEY `idx_setmeal_name` (`name`)
) ENGINE=InnoDB DEFAULT CHARSET=utf8mb3 COLLATE=utf8mb3_bin COMMENT='套餐';
/*!40101 SET character_set_client = @saved_cs_client */;

--
-- Dumping data for table `setmeal`
--

LOCK TABLES `setmeal` WRITE;
/*!40000 ALTER TABLE `setmeal` DISABLE KEYS */;
INSERT INTO `setmeal` VALUES (1584485787406397442,1413386191767674881,'11',12300.00,1,'','好吃','bb1705bc-452d-403e-abde-083df0149f01.jpg','2022-10-24 18:03:45','2022-10-24 18:03:52',1,1,0),(1586686742977806337,1413342269393674242,'123',14500.00,1,'','','3fad09cb-8be7-44fa-9625-a574e2462fcc.jpg','2022-10-30 19:49:33','2022-10-30 19:49:33',1,1,0);
/*!40000 ALTER TABLE `setmeal` ENABLE KEYS */;
UNLOCK TABLES;

--
-- Table structure for table `setmeal_dish`
--

DROP TABLE IF EXISTS `setmeal_dish`;
/*!40101 SET @saved_cs_client     = @@character_set_client */;
/*!50503 SET character_set_client = utf8mb4 */;
CREATE TABLE `setmeal_dish` (
  `id` bigint NOT NULL COMMENT '主键',
  `setmeal_id` varchar(32) CHARACTER SET utf8mb3 COLLATE utf8mb3_bin NOT NULL COMMENT '套餐id ',
  `dish_id` varchar(32) CHARACTER SET utf8mb3 COLLATE utf8mb3_bin NOT NULL COMMENT '菜品id',
  `name` varchar(32) CHARACTER SET utf8mb3 COLLATE utf8mb3_bin DEFAULT NULL COMMENT '菜品名称 （冗余字段）',
  `price` decimal(10,2) DEFAULT NULL COMMENT '菜品原价（冗余字段）',
  `copies` int NOT NULL COMMENT '份数',
  `sort` int NOT NULL DEFAULT '0' COMMENT '排序',
  `create_time` datetime NOT NULL COMMENT '创建时间',
  `update_time` datetime NOT NULL COMMENT '更新时间',
  `create_user` bigint NOT NULL COMMENT '创建人',
  `update_user` bigint NOT NULL COMMENT '修改人',
  `is_deleted` int NOT NULL DEFAULT '0' COMMENT '是否删除',
  PRIMARY KEY (`id`) USING BTREE
) ENGINE=InnoDB DEFAULT CHARSET=utf8mb3 COLLATE=utf8mb3_bin COMMENT='套餐菜品关系';
/*!40101 SET character_set_client = @saved_cs_client */;

--
-- Dumping data for table `setmeal_dish`
--

LOCK TABLES `setmeal_dish` WRITE;
/*!40000 ALTER TABLE `setmeal_dish` DISABLE KEYS */;
INSERT INTO `setmeal_dish` VALUES (1584485787444146177,'1584485787406397442','1397860578738352129','白切鸡',6600.00,1,0,'2022-10-24 18:03:45','2022-10-24 18:03:45',1,1,0),(1584485787444146178,'1584485787406397442','1413342036832100354','北冰洋',500.00,1,0,'2022-10-24 18:03:45','2022-10-24 18:03:45',1,1,0),(1584485787444146179,'1584485787406397442','1413385247889891330','米饭',200.00,1,0,'2022-10-24 18:03:45','2022-10-24 18:03:45',1,1,0),(1584485787444146180,'1584485787406397442','1397853709101740034','蒜泥白肉',9800.00,1,0,'2022-10-24 18:03:45','2022-10-24 18:03:45',1,1,0),(1586686743002972162,'1586686742977806337','1397851370462687234','邵阳猪血丸子',13800.00,1,0,'2022-10-30 19:49:33','2022-10-30 19:49:33',1,1,0),(1586686743002972163,'1586686742977806337','1413342036832100354','北冰洋',500.00,1,0,'2022-10-30 19:49:33','2022-10-30 19:49:33',1,1,0),(1586686743002972164,'1586686742977806337','1413385247889891330','米饭',200.00,6,0,'2022-10-30 19:49:33','2022-10-30 19:49:33',1,1,0),(1586686743002972165,'1586686742977806337','1397861683434139649','清蒸河鲜海鲜',38800.00,1,0,'2022-10-30 19:49:33','2022-10-30 19:49:33',1,1,0);
/*!40000 ALTER TABLE `setmeal_dish` ENABLE KEYS */;
UNLOCK TABLES;

--
-- Table structure for table `shopping_cart`
--

DROP TABLE IF EXISTS `shopping_cart`;
/*!40101 SET @saved_cs_client     = @@character_set_client */;
/*!50503 SET character_set_client = utf8mb4 */;
CREATE TABLE `shopping_cart` (
  `id` bigint NOT NULL COMMENT '主键',
  `name` varchar(50) CHARACTER SET utf8mb3 COLLATE utf8mb3_bin DEFAULT NULL COMMENT '名称',
  `image` varchar(100) CHARACTER SET utf8mb3 COLLATE utf8mb3_bin DEFAULT NULL COMMENT '图片',
  `user_id` bigint NOT NULL COMMENT '主键',
  `dish_id` bigint DEFAULT NULL COMMENT '菜品id',
  `setmeal_id` bigint DEFAULT NULL COMMENT '套餐id',
  `dish_flavor` varchar(50) CHARACTER SET utf8mb3 COLLATE utf8mb3_bin DEFAULT NULL COMMENT '口味',
  `number` int NOT NULL DEFAULT '1' COMMENT '数量',
  `amount` decimal(10,2) NOT NULL COMMENT '金额',
  `create_time` datetime DEFAULT NULL COMMENT '创建时间',
  PRIMARY KEY (`id`) USING BTREE
) ENGINE=InnoDB DEFAULT CHARSET=utf8mb3 COLLATE=utf8mb3_bin COMMENT='购物车';
/*!40101 SET character_set_client = @saved_cs_client */;

--
-- Dumping data for table `shopping_cart`
--

LOCK TABLES `shopping_cart` WRITE;
/*!40000 ALTER TABLE `shopping_cart` DISABLE KEYS */;
INSERT INTO `shopping_cart` VALUES (1585519932693688321,'辣子鸡丁','2ae4ae65-7a43-4ca9-bda9-24b4c60cc801.jpg',1585519897599946753,1397852391150759938,NULL,'不要香菜,微辣',1,88.00,NULL),(1585519943988948993,'11','bb1705bc-452d-403e-abde-083df0149f01.jpg',1585519897599946753,NULL,1584485787406397442,NULL,1,123.00,NULL),(1585519969007972353,'北冰洋','48117d19-d953-400d-86bf-d6667f670c2e.png',1585519897599946753,1413342036832100354,NULL,'冷藏',1,5.00,NULL),(1585520268217106433,'口味蛇','7c7516ef-5587-46c9-b93a-4c8c44f1ec88.jpg',1585520253633511426,1397851668262465537,NULL,'去冰',1,168.00,NULL),(1585520709696962561,'11','bb1705bc-452d-403e-abde-083df0149f01.jpg',1585520253633511426,NULL,1584485787406397442,NULL,1,123.00,NULL),(1586661983544090626,'口味蛇','7c7516ef-5587-46c9-b93a-4c8c44f1ec88.jpg',1,1397851668262465537,NULL,'常温',1,168.00,NULL),(1586661996399632385,'王老吉','c6a535a8-7007-4af8-870a-b7ddf763bff5.png',1,1413384757047271425,NULL,'冷藏',1,5.00,NULL),(1586662001772535810,'11','bb1705bc-452d-403e-abde-083df0149f01.jpg',1,NULL,1584485787406397442,NULL,1,123.00,NULL),(1586662017232740353,'老火靓汤','58105335-955f-430f-9cb9-b772a58a3258.jpeg',1,1397862198033297410,NULL,'不要蒜',1,498.00,NULL),(1586662029933092866,'脆皮乳鸽','554564dc-779b-4cf0-8953-2ac3f8a264e8.jpeg',1,1397860963880316929,NULL,'微辣',1,108.00,NULL),(1586662038913097729,'米饭','3bae5ba9-f28e-4cb6-8a79-b68714652e7c.png',1,1413385247889891330,NULL,NULL,30,2.00,NULL);
/*!40000 ALTER TABLE `shopping_cart` ENABLE KEYS */;
UNLOCK TABLES;

--
-- Table structure for table `user`
--

DROP TABLE IF EXISTS `user`;
/*!40101 SET @saved_cs_client     = @@character_set_client */;
/*!50503 SET character_set_client = utf8mb4 */;
CREATE TABLE `user` (
  `id` bigint NOT NULL COMMENT '主键',
  `name` varchar(50) CHARACTER SET utf8mb3 COLLATE utf8mb3_bin DEFAULT NULL COMMENT '姓名',
  `phone` varchar(100) CHARACTER SET utf8mb3 COLLATE utf8mb3_bin NOT NULL COMMENT '手机号',
  `sex` varchar(2) CHARACTER SET utf8mb3 COLLATE utf8mb3_bin DEFAULT NULL COMMENT '性别',
  `id_number` varchar(18) CHARACTER SET utf8mb3 COLLATE utf8mb3_bin DEFAULT NULL COMMENT '身份证号',
  `avatar` varchar(500) CHARACTER SET utf8mb3 COLLATE utf8mb3_bin DEFAULT NULL COMMENT '头像',
  `status` int DEFAULT '0' COMMENT '状态 0:禁用，1:正常',
  PRIMARY KEY (`id`) USING BTREE
) ENGINE=InnoDB DEFAULT CHARSET=utf8mb3 COLLATE=utf8mb3_bin COMMENT='用户信息';
/*!40101 SET character_set_client = @saved_cs_client */;

--
-- Dumping data for table `user`
--

LOCK TABLES `user` WRITE;
/*!40000 ALTER TABLE `user` DISABLE KEYS */;
INSERT INTO `user` VALUES (1585081442579402753,NULL,'13660908093',NULL,NULL,NULL,1),(1585519897599946753,NULL,'13475869403',NULL,NULL,NULL,1),(1585520253633511426,NULL,'17485938472',NULL,NULL,NULL,1);
/*!40000 ALTER TABLE `user` ENABLE KEYS */;
UNLOCK TABLES;

--
-- Dumping routines for database 'reggie'
--
/*!40103 SET TIME_ZONE=@OLD_TIME_ZONE */;

/*!40101 SET SQL_MODE=@OLD_SQL_MODE */;
/*!40014 SET FOREIGN_KEY_CHECKS=@OLD_FOREIGN_KEY_CHECKS */;
/*!40014 SET UNIQUE_CHECKS=@OLD_UNIQUE_CHECKS */;
/*!40101 SET CHARACTER_SET_CLIENT=@OLD_CHARACTER_SET_CLIENT */;
/*!40101 SET CHARACTER_SET_RESULTS=@OLD_CHARACTER_SET_RESULTS */;
/*!40101 SET COLLATION_CONNECTION=@OLD_COLLATION_CONNECTION */;
/*!40111 SET SQL_NOTES=@OLD_SQL_NOTES */;

-- Dump completed on 2022-10-31 11:51:49
